Meisterzählung,D,A,B,C,E,F,G,W
1,#f2v+ Eines liedeſ ich beginne,#f9r+ Einer rede ich hie beginne,,,,,[]Ines liedes wil ich beginne,
2,in ſente Marien minne,in ſant #rMarien+ minne,,,,,in ſancte ma[…]ne,
3,der ewigen chuniginne,der æwig#aen+ chvniginne,,,,,der ewigen chuniginne,
4,div gerûche #sov+ch min sinne,#rD+iv ger#suo+che mine ſinne,,,,,diu ruoche m[…],
5,vnd mine bruſte erreinen,#rv+#and+ mine bruſt erreinen,,,,,vnd min bruſt zerei#ann+ne,
6,uor allerſlahte mæile,#rU+on aller ſlahte mainen,,,,,uon aller ſlahte meile,
7,daz ich n#suo+ mûze ſcriben,#rD+az ich nu m#sve+zze ſchr#ze+iben,,,,,d[…] m#suo+ze ſcriben,
8,uon ir div allen wiben,#rv+on ir div allen weiben,,,,,uon d#aer+ die allen wiben,
9,die itewize hat benomen,#rd+iv itewiz hat benomen,,,,,den etwizze h[…]n,
10,daz der tot was bechomen,#rD+az der t#soe+t waz bechomen,,,,,daz d#aer+ tot was bechomen,
11,uon dem erſten wibe in die werlte,#rU+on dem ærſten wibe in die welt,,,,,uon dem erſten wibe[…]lt,
12,ſit wart div here maget erwelte,#rD+o wart div aewige magt erwelt,,,,,ſit wart diu ewige magde erwelt,
13,dar zu daz bediu man vnt wîp,#rD+az beidiv man vnde weip,,,,,daz bediv […] wip,
14,daz lieht vnd den ewigen lip,#rL+ieht v#and+ den æwigen leip,,,,,lieht vnd ewigen lip,
15,mit #lde+r warheit m#suo+se sch#sov+wen,#rm+it ziêrde m#sue+zze ſchowen,,,,,mit gecirde muſe ſch[…],
16,da zir vil tivrer fr#sov+en,#rv+on der tivren vrouwen,,,,,,
17,,,,,,,[…]n gedenchet edel frawen,
18,ſi gebar den waren ſunnen,#rS+i gebar die sch#soe+nen ſvnne ,,,,,ſi gepar die ſchonne ſun[…],
19,ſi ist aller gnaden wnne,#rS+i iſt aller werlde wunne,,,,,[…]ler wibe wunne,
20,wie wol ſi iz allez underuie,#rW+ie wol ſiz allez vnder vienk,,,,,wie wol ſiz allez vnderuie,
21,ſwaz eua sunden ie begie,#rS+waz ſvnden eva begienk,,,,,ſwaz […]unden begie,
22,wan ſi hat geb#suo+zet wol den ual,#f9v+ #rS+i hat verb#sue+zzet wol den val,,,,,ſi hat verbuzzet den val,
23,ir chuſke luhtet uber al,#rI+r chevſche lævhtet vber al,,,,,ir chuſche l[…]r al,
24,nu ſchulen ir getruen,#rN+v ſul wir ir getrowen #dwol+,,,,,nu ſuln wir ir getruwen,
25,wande wir in dem tode bûwen,#rW+an wir die ſvnde bowen,,,,,ſit wir indem #?to+de […],
26,daz ſi unſ ellenden,#rD+az ſi vns ellende,,,,,[…]s ſi vns ellende,
27,mege wider heim geſenden,#rF+r#soe+lich heim ſende,,,,,wid#aer+ heim geſende,
28,unt uns geruche wisen,#rU+nde daz ſi weiſe ,,,,,vnd v#?ns+ rv[…],
29,zu dem vrônen paradiſe,#rZ+#suo+ dem fr#soe+nen paradeiſe,,,,,,
30,da fr#sov+e eua uz geuiel,#rD+a fro eva ovz geviel,,,,,,
31,ab dem mere chan ſi den chiel,#rv+on dem mêre chan ſi den chiel,,,,,,
32,wol bringen vnt geleiten,#rh+arte wol geleiten,,,,,,
33,vz den ſorgen unt #lde+n #f3r+ arbeiten,#ro+#zv+z diſen arebeiten,,,,,,
34,zeder himeliſchen borte,#rZ+#svo+ der himel porten,,,,,,
35,mit dem gotes worte,#rM+it den gotes worten,,,,,,
36,ir wart div warheit geſaget,#rI+r wart div warheit geſagt,,,,,,
37,ſie iſt m#suo+ter und maget,#rS+i iſt m#suo+ter v#and+ magt,,,,,,
38,ſine hat der engel niht betrogen,#rS+i hat der engel niht betrogen,,,,,,
39,got hat daz ir ſpunne geſogen,#rG+ot hat daz ſpunne geſogen,,,,,,
40,abe ir uil reinen bruſten,#rA+b ir vil ædelen prust,,,,,,
41,die mannes nie geluſte,#rD+ie nie mannes geluſt,,,,,,
42,noh nehêiner ſunden teil,#rG+ewan noch der ſvnden val,,,,,,
43,ſie iſt iemer muter ane mæil,#rS+i ist m#suo+ter ane mal,,,,,[…] meil,
44,uon ewen unt ze êwen,#f10r+ Von #?æ^+wen ze #?æ^+wen,,,,,[…] ewen vnd zenewen,
45,wir ſchulen ſie anr#suo+fen ν#and+ flegen,Wir ſulen ſey an r#sue+fen v#and+ flêgen ,,,,,#?wir ſuln ſi an+ […]nd flegen,
46,Himeliſchiv frowe,HImeliſche vrowe,,,,,[]imeliſchiv frowe,
47,mit geiſtlichem tôwe,mit geiſtlichem t#sov+we,,,,,mit dem geiſtleichen towe,
48,begiuz den minen gedanch,begivz minen gedanch,,,,,[…] mein gedanch,
49,daz ich din lob vnd din geſanch,daz ich din lob vnt dinen ſanch,,,,,daz ich lob vnd din ſanch,
50,ein teil gemeren m#suo+zze,ein teil gemæren m#svu+zze,,,,,ein te[…]eren muzze,
51,unt hilf mir daz ich gebuzze,#rv+#and+ hilf daz ich geb#sue+zze,,,,,hilfe mir daz ich gebuzze,
52,daz unreht daz ich ie begie,daz vnreht daz ich ie begie,,,,,daz ich [...]ht ie begie,
53,wan ich gezwiuelot nie,wan ich gezweivelt nie,,,,,wan ich gezwiuelt nie,
54,an dir noh andinem chinde,an dir noch an dem ſune dein,,,,,an dir noch […]nde din,
55,des la mich gna#lde+ vinden,,,,,,,
56,,æwiges magedin,,,,,ewigez magdin,
57,vnt la mich #sov+ch geniezen,la daz ich geniezze ,,,,,nu la mich ge nizen,
58,daz du nie #?verlieze+,daz dv nie v#aer+liezze,,,,,da[…]lieze,
59,deheinen irdiſken man,den heinen yrdiſch#aen+ man,,,,,[…]ein irdiſchen man,
60,der dich ze uoget wolte han,der dich ze votinne wolde han,,,,,der dich zevoit wolt[…],
61,du biſt liehter denne der tach,#rD+v biſt lieht#aer+ dan der tak,,,,,[…] biſt liehter denne der tach,
62,aller t+suo+gende wâz unt ſmach,v#and+ aller tugende ſmak,,,,,aller tugent wa[…]ach,
63,flivzet uz diner ſc+zh+ozze,flivzzet ovz diner ſch#soe+zzen,,,,,fl#?iu+zet uz deiner ſchoze,
64,nu bedenche fr+sov+e g#aro+zze,bedenche die êre grozzen,,,,,nu bed#aen+ch fr#?o+vde […],
65,waz dir der engel brahte,die dir der engel brahte,,,,,[…] engel braht,
66,do got an dir bedahte,do got an dich gedahte,,,,,do got an dir gedaht,
67,aller menniſken not,fur aller welde n#soe+t ,,,,,Aller men[…],
68,unt dir die mandunge enbot,v#and+ dir den gr#suo+z enbot,,,,,vnd dir die mandunge enbot,
69,in ditze chlage#dl+liche tal,in ditz iamer tal,,,,,her in ditze ch[…],
70,daz er dich ze einem #?sal+,daz er dich wolde ze einem ſal,,,,,do er dich zeſinen ſal,
71,im ſelben wolte wihen,ſin ſelbez libe ze weihen,,,,,wold im ſelwen wih[…],
72,#f3v+ wie mæhteſtu mir uerzihen,wie #f10v+ mohteſt dv mich ver zeihen,,,,,[…]teſtu #?mich+ uerzihen,
73,g#suo+ter rede vnt guter liste,g#suo+ter rede v#and+ liſte,,,,,guter rede vnd guter […],
74,dv biſt d#suv+ oberiſte,du biſt div oberiſte,,,,,[…]n du biſt div oberiſte,
75,nach gotes magenchrefte ,nach gotes manchrefte ,,,,,nach gotes magencrefte,
76,daz liet ich anhefte,ditz liet ich anehefte,,,,,[…] ich hefte,
77,vf dine gnade uolle,#sov+f dine genade volle,,,,,vf din gnade vollen,
78,dv bist daz tov in gedeonis wolle,dv biſt div tovwige wolle,,,,,dv biſt daz t#sov+ in […] wolle,
79,Nv wil ich iν #lde+n orthaben,Nv wil ich ev den orthaben,,,,,[…]v wil ich iv den ortha#?ven+,
80,bediv chunden vnde ſagen,bede chvnden v#and+ ſagen,,,,,#?bediv+ chund#aen+ vnd ſa[…]en,
81,daz ich die materige,daz ich die materye,,,,,daz ich die materie,
82,mit himiliſkem herige,mit himiliſchem herie,,,,,#?mit+ himelliſchen herie,
83,vnd div ſtarchen mære,v#and+ die ſtarken mêre,,,,,[…] ſtarchen mare,
84,al deſte baz bewære,dest#aer+ baz bew#?æ^+re,,,,,al dez bas beware,
85,matheus ewangeliſte,Math#aeu+s ewangeliſte ,,,,,Matheus e[…],
86,der ſcreip iz uon chriſte,d#aer+ ſchreib ez von chriſte,,,,,ſchreib iz uon chriſte,
87,und uon der m#suo+ter d#siv+ in truch ,v#and+ von d#aer+ magt div in tr#suo+k,,,,,vnd uon der muter di[…]h,
88,dannen ſcreib er zeichen gn#suo+ch,da von er zeichen ſchreib gen#suo+ch,,,,,ſchreib er zeichen genuch,
89,doh was div rede bet#?w^+ngen,doch waz div red bedwungen,,,,,idoch was div re[…],
90,in ebreiſker zûnge,in ebreyſcher zvngen,,,,,,
91,untze an ſant ieronimu#aum+,vntz an ſant Jeronim#?u+m,,,,,[…] #?sant ieronimum+,
92,der tet daz durh den gotes ſun,der tet daz durt den gotes ſvn,,,,,,
93,vnt durh zweir biſcoffe rat,v#and+ durch zweyer piſchof rat,,,,,,
94,daz er daz liet gewitert hat,daz er ditz liet getihtet hat,,,,,,
95,in die ſenften latine,in die ſenfte lateine,,,,,,
96,daz wazzer wart da ze wine,daz wazzer wart ze weine,,,,,,
97,d#siv+ milch verwandelt ſich in daz ole ,div milich wart ze #soe+le,,,,,,
98,do er unſ ſcreib alſo wole,do er vns ſchreib ſo wole,,,,,,
99,d#siv+ #?w^+ſte wart erbuwen,,,,,,,
100,do diſiv rede n#siv+we,,,,,,,
101,vz wart gechundet,,,,,,,
102,des het in geſchundet,dez heten in geſc#?h+undet,,,,,,
103,,daz er die red chundet,,,,,,
104,chromati#aus+ vnd eliodorus,#rF+romaci#aus+ v#and+ #rE+liodor#aus+,,,,,,
105,die biſgofe hiezen alſus,die pyſcof hiezzen #f11r+ alſus,,,,,,
106,die ſanten im ir brief,die im ſanten ir brief,,,,,,
107,daz er die ſchrift div ê da ſlief,daz e die ſchrift div vor ſlief,,,,,[…] div ſchrifpte div e da ſlef,
108,mit bredige #f4r+ muſe erwechen,mit predige ſolde weche,,,,,mit predige muſe […],
109,vnt die ſvzen lere endechen,die s#sve+zzen lere entechen,,,,,[…]in ſuze rede entechen,
110,div ê was beſchatewôt,die ê waz beſchatot,,,,,di e da waz beſchatewot,
111,d#siv+ gotes chint ir brot,daz die gotes chint ir brot,,,,,[…]chint ir brot,
112,vnt ir ſpiſe funden dar an,v#and+ ir ſpeiſe funden daran,,,,,vnd ir ſpiſe fvnden dar an,
113,der ingewnden chunchlich v#?a+n,der ingewunden van,,,,,der […] den van,
114,der wart do wol begreifet,d#aer+ wart da wol gelaitet,,,,,der wart wol #zbe+greifet,
115,vnd f#svo+r daz here gewêifet,v#and+ fur daz hêr gepreitet,,,,,fur daz here […],
116,daz div chriſtenlichiv ſch#?a+re,daz div chriſtenliche ſchar,,,,,daz elliv chriſtenlichiv ſchar,
117,enſamet m#suo+se ilen dare,mit chreften muge varen dar,,,,,mit chrefte […]arn dar,
118,ze geiſtlichem ſtûrme,ze geiſtlichem ſturme,,,,,zedem geiſtlichen ſtvrm,
119,gegen dem lintwrme,gen dem lintwurme,,,,,gegen dem li[…],
120,da #?der+ ſige ſcholt erg#?e+n,da der ſich ſol erg#?æ^+n ,,,,,do der ſich ſol ergen,
121,uon der vinſter ſchulen #sov+ch wir erſten,von d#aer+ vinst#aer+er ſul wir erſtên,,,,,von der vinſter ſ[…] #?wir+,
122,zedem ewigem liehte,z#suo+ dem #?e+wigen liehte,,,,,[…]edem ewigen lieht,
123,got geſchuf uns uon niehte,got geſchvf vns von nihte,,,,,got geſchuf vns uz nieht,
124,der iſt unser vater guter,der iſt vnſer vater g#suo+t#aer+,,,,,er […]er #?v+ater g#suo+ter,
125,nv bittet ſine m#suo+ter,nv bite wir ſine m#suo+ter,,,,,nu biten wir ſin muter,
126,daz ſie unſ hie beh#svo+te,daz ſi vnſ wol beh#sve+te,,,,,daz ſi,
127,mit ir tvſentvaltiger g#svo+te,mit ir t#sov+ſ#aen+tfalte g#sue+te,,,,,,
128,Der ler#?æ^+re heizet ieronimus,Der brieſt#aer+ heizzet Jeronimus,,,,,,
129,der im gezimbert hat ein h#?u+s,der im gezimbert hat #?+ daz hovs,,,,,,
130,mit disem bûche hinze got,mit diſem b#suo+che hin ze got,,,,,,
131,ſwaz matheus der frone bot,swaz #rMath#aeu+s+ d#aer+ frone bot,,,,,,
132,ebreiſken livten #?uor+ſaget,den ebreyſchen vor ſaget,,,,,,
133,dirre herre #lde+s niht verdaget,dirre herre dez niht verdaget,,,,,,
134,inder rehten latine,inder lateine,,,,,,
135,von dem ewigem urſchine,#f11v+ von dem æwige ſcheine,,,,,,
136,er chunde wole choſen,er chunde vil wol choſen,,,,,,
137,uon #?der lilien+ vnt uon der roſen,von d#aer+ lylien v#and+ d#aer+ roſen,,,,,,
138,d#siv+ der dorne #?nien hat+,div den dorn niht enhat,,,,,,
139,nv wolt ovch ich den ir rat,nv wolde ich ir rat,,,,,,
140,vnt #?ir helfe+ ſuchen,mit ir helfe ſ#suo+chen,,,,,,
141,obe ſi #lde+s #f4v+ wolte ruchen,ob ſi des wolt ger#suo+chen,,,,,,
142,daz ich mit dvtiſker rede,daz ich in tevſcher re#lde+,,,,,,
143,daz buch bræhte her zewege,daz p#suo+ch prehte her zewêge,,,,,,
144,daz ſie iz alle muſen lesen,daz ez alle mugen leſen,,,,,,
145,die goteſ kint wellent weſen,die goteſ chint well#aen+ weſen,,,,,,
146,v#and+ ovch megen ſchowen,v#and+ auch mugen ſchowen,,,,,,
147,die laigen vnt die frowen,phaffen layen vrowen,,,,,,
148,ſmechen vnd eruinden,,,,,,,
149,von #lde+m frone kinde,,,,,,,
150,daz im die muter erchoſe,wie daz kint die m#suo+t#aer+ chos,,,,,,
151,d#siv+ ir magetum nie uerloſe,div den magt#svo+m nie v#aer+los,,,,,,
152,vnt niemer mak verlieſen,noch nimm#aer+ mak v#aer+lieſen,,,,,,
153,an der megen wir wol chieſen,wir mugen wol kyeſen,,,,,,
154,wie rehte gnædich ſie ſi,wie genedik ſi ſey,,,,,,
155,der daz chint ſitzet bi,der daz kint ſitzet bey,,,,,,
156,daz bediv lev vnt lamb iſt,daz lêwe v#and+ lamp iſt,,,,,,
157,ob allen dingen zeoberiſst,ob allen dingen oberiſt,,,,,,
158,bediv leben vnt tot,bede læwen v#and+ t#soe+t,,,,,,
159,hirt vnt lebentigez brot,,,,,,,
160,,herre fleiſch v#and+ pr#soe+t,,,,,,
161,tov vnde bl#suo+me,,,,,,,
162,gelt vnde r#suo+we,,,,,,,
163,wenich vnt michel,,,,,,,
164,uor allen ſunden ſicher,,,,,,,
165,vater unſer gotes ſun,vat#aer+ vnde ſvn,,,,,,
166,einvalte vnde wîſtum,aynvalt v#and+ weiſtum,,,,,,
167,groz vnt chleine,groz vnde chleine,,,,,,
168,daz iſt er alterſeine,iſt er alterſeine,,,,,,
169,der unſ in noten erschêin,der vns ze notdurfte erſchein,,,,,,
170,er nam hie fleiſh vn#lde+ bein,er nam hie fleiſch v#and+ payn,,,,,,
171,vnt die rein#aen+ menniſkeit,,,,,,,
172,hohet er mit #lde+r gotheit,,,,,,,
173,von der erde hinze himele,,,,,,,
174,an ſines uaters geſidele,,,,,,,
175,do wart d#siv+ helle zebrochen,,,,,,,
176,v#and+ wr#lde+n wir errochen,,,,,,,
177,,ſin ſneweizze ſæle,,,,,,
178,,f#suo+r in die phalzen hêre,,,,,,
179,,ſande MaRien,,,,,,
180,,die wold vns wol freyen,,,,,,
181,,von den ſchæmelichen iochen,,,,,,
182,,di#?s+ cheten iſt zebrochen,,,,,,
183,,,,,,,,
184,an dem tievil #lde+r unſ bant,#rD+a vns d#aer+ tievel mit pant,,,,,,
185,des loben wir den heilant,des lobe #f12r+ wir den hailant #rAmeN+,,,,,,
186,ſin gezelt ſt#suo+nt in der ſunne,,,,,,,
187,beſigelt ist #lder+ brunne,,,,,,,
188,unge#f5r+brachot iſt der anger,,,,,,,
189,ir chor#lde+r hat ertotet #lde+n slangeN,,,,,,,
190,Den nit wil ich uerdingen,DEn haz ich hie v#aer+dinge,,,,,,
191,untze ich fure bringe,v#and+ neit vntz ich furbringe,,,,,,
192,diſiv ſeltſænen wort,diſe ſæligen wort  ,,,,,,
193,ſwaz matheus ſchreib dort,waz Math#aeu+s ſchreib dort,,,,,,
194,den ebre#?iſ+chen liuten,den ebrayſch#aen+ levten,,,,,,
195,daz wil ich iv bedîvten,daz wil ich iv bedevten,,,,,,
196,,ſagen v#and+ ſchreiben,,,,,,
197,,#?man+en v#and+ weiben,,,,,,
198,mit der helfe v#and+ uolleiſte,mit goteſ volleiſt,,,,,,
199,des heiligen geiſtes,v#and+ dem heiligen geiſt,,,,,,
200,ich weiz wol des tîevels ſtrit,,,,,,,
201,diche wanthalſen git,,,,,,,
202,boſez nitbechen,,,,,,,
203,vnt eitirgez hechen,,,,,,,
204,der unuerwizzene diet,,,,,,,
205,daz ſi ſchelten div liet,,,,,,,
206,div inwislich#aer+ ahte,,,,,,,
207,vergelten niemen mæhte,,,,,,,
208,noh mit grozem g#suo+te wîder wegen,,,,,,,
209,die wane ich #lde+n flûch fvr den ſegen,,,,,,,
210,uone got enpfahent,,,,,,,
211,die ſich daran uergahent,,,,,,,
212,ſwer ditze liet beſpreche,ſwer ditz liet v#aer+ſpreche,,,,,,
213,ſænt mathe#aus+ m#suo+z ez rech#aen+,#rMath#aeu+s+ m#svo+z ez rechen,,,,,,
214,#lder+ ez zem erſten ſchreib,d#aer+z zemerſt#aen+ ſchreip,,,,,,
215,unt #lde+n irretûm vertreib,v#and+ #?den+ irſal v#aer+treip,,,,,,
216,den manichei ivnger ſatzte,,,,,,,
217,do er ſine zunge watzte,,,,,,,
218,in upigez choſe,,,,,,,
219,doh wolt die rede boſe,,,,,,,
220,d#siv+ christenheit niht enpfah#aen+,,,,,,,
221,do sie die luge ſahen,,,,,,,
222,der ivnger hiez leucio,,,,,,,
223,vnt wart uerworfen alſo,,,,,,,
224,daz ſin re#lde+ iſt begraben,,,,,,,
225,vnt ſie nîemen getar ſagen,,,,,,,
226,wan ſi mit durren zwien ſtat,,,,,,,
227,nv ſi #lde+r wrze #f5v+ nien hat,,,,,,,
228,matheus der ewangeliſste,Math#aeu+s ewa#zn+gel#ai+ſte,,,,,,
229,nam im ſo lange friſte,d#aer+ nam im lange friſte,,,,,,
230,untze #zer+ ez vil rehte gar erf#svo+re,vnz er ſich vil rehte erf#suo+r,,,,,,
231,daz weder moſ noh m#svo+re,daz wed#aer+ mos noch m#suo+r,,,,,,
232,sin#siv+ worte enmach getruben,ſine wort mak getr#sve+ben,,,,,,
233,des lat #sov+ch ivh gen#sue+gen,des vns wol ſol gen#sve+gen,,,,,,
234,vnt ſant ieronimi lere,an ſant #rJ+eronimi lære,,,,,,
235,die mugen iv gehelfen an #lde+r ſele,,,,,,,
236,,d#aer+ ger#suo+che wende vnſer ſære,,,,,,
237,,#?indem+goteſ na#amen+,,,,,,
238,,daz geſchehe amen,,,,,,
239,Bi den selben citen,Bey den alten zeit#aen+,,,,,,
240,got enwaſ niht chundich witen,was got niht chunt weit#aen+,,,,,,
241,wan eine erchant in iudea,niw#aer+ in Jvdea,,,,,,
242,fremide was er anderſwa,fromde was er anderſwa,,,,,,
243,do waſ der heidenſchefte vil,do was d#aer+ heidenſchaft ſo vil,,,,,,
244,die des tieueles ſpil,die des tievels ſpil,,,,,,
245,anden abgoten begieNgen,anden apgoten begiengen,,,,,,
246,des ovh ſie ſcaden geviengen,deſ ſi auch ſchade enphiengen,,,,,,
247,am#lde+m libe vnt ander sele,an dem leibe v#and+ an d#aer+ ſæle,,,,,,
248,do behielt die gotes e,do behielt div goteſ lære,,,,,,
249,div iſraheliſke diet,div iſr#aahel+iſche diet,,,,,,
250,als in moyſes geriet,als in #rM+oyſes geriet,,,,,,
251,vn#lde+ ir vater habraham,v#and+ ir vat#aer+ #ra+braham,,,,,,
252,#lde+m waren ſie gehorſam,dem waren ſi gehorſam,,,,,,
253,ysaac vnd iacob danah,#rY+ſaac v#and+ jacobe,,,,,,
254,der hinze himele ſah,,,,,,,
255,ein leiter uon der erde gerihte,,,,,,,
256,da got zeſiner geſihte,,,,,,,
257,selbe wider in ſprah,,,,,,,
258,wnders im #sov+h mere geſcah,,,,,,,
259,,d#aer+ in deſ himels hoher #?æ^+,,,,,,
260,,#f12v+ ein leitern geſach ,,,,,,
261,,v#and+ in ſin ſchêpher ſach,,,,,,
262,,facie ad faciem,,,,,,
263,,wie moht ez im baz ergen,,,,,,
264,do er den engel gevie,do er den engel ge vie,,,,,,
265,unt in des morgenſ nien lie,den er des morgens niht ver lie,,,,,,
266,untze er in geſegenot,vnz er in geſegenot,,,,,,
267,div huf im #?dor+rot,,,,,,,
268,,div hilf wont im niht bey genot,,,,,,
269,da in #lde+r engel druhte,do in der engel drukte,,,,,,
270,hin naher er ſie geruhte,hin naher er ſich rukte,,,,,,
271,ze einem urchunde,ze einem vr chunde ,,,,,,
272,hinchen do #f6r+ begunde,hinchen er beg#aun+de,,,,,,
273,der heilige patriarche,der heilige pa#atri+arch,,,,,,
274,des wnderot ſtarche,deſ wundert vil ſtarch,,,,,,
275,allez ſin geſlæhte,alles ſin gesſlæhte,,,,,,
276,als ez vil wol mahte,als ez von ſchulden t#suo+n mohte,,,,,,
277,ſie wrden des gefr#sov+wet,ſi wurden deſ gefrevt,,,,,,
278,daz er was bescôwet,daz er wart beſchout,,,,,,
279,uon gotes anblike,von gotes anplike,,,,,,
280,ſi ſuhten uenie dicke,ſi ſ#suo+chten venig dike,,,,,,
281,gegen den himiliſgen choren,gen den himel ch#soe+ren ,,,,,,
282,hie muget ir wnder horen,hie mvgt ir wol wunder horen,,,,,,
283,#6v+ Vz dem ſelben chunne,#rO+uz dem chunne zierſam,,,,,,
284,was ein kint erſprungen,wart ein chint lobeſam,,,,,,
285,ein man in diſe werlte geborn,indise w#aer+lt geborn,,,,,,
286,got ſelbe het im erchorn,got ſelbe het im erchorn,,,,,,
287,ſin gedanche v#and+ ſinen ſin,ſin gedanch v#and+ ſin#aen+ ſin,,,,,,
288,geheizen was er ioachim,ge heizzen wart er #rJ+oachim,,,,,,
289,v#and+ was der beſten eine,d#aer+ waz der beſten ayn,,,,,,
290,#lde+n div svnne ie uberſchêin,den div ſvnne ie beſchein,,,,,,
291,ſin einvalte was ſo groz,sin g#sue+te waz ſo groz,,,,,,
292,daz er ſin uon rehte gnoz,daz er ſin wol genoz,,,,,,
293,uor got und vor den livten,vor got v#and+ vor den levten,,,,,,
294,ioachim chîvt zedivte,Joachim ſ#apri+chet zebedeuten,,,,,,
295,preparatio d#aomin+i,#rR+e#apar+a#aci+o d#aomin+i,,,,,,
296,ſo wâne ich #7r+ da geſcriben ſi,ſwa ez geſchriben ſey,,,,,,
297,daz kivt unſers herren garewnge,daz ſ#apri+chet vnſers herren beraitunge,,,,,,
298,ein liehtvaz dem ſunne,liehtvaz der ſunne,,,,,,
299,ſcholt #sov+h wer#lde+n bereit,,,,,,,
300,vz ſiner heilikeit,,,,,,,
301,wand er der magede vater wart,wan er #f13r+ der mægede vat#aer+ wart ,,,,,,
302,d#siv+ den engelen was ſo zart,div dem engel waz ſo zart,,,,,,
303,daz ſie bi den bl#suo+men,daz ſi bey den pl#suo+men,,,,,,
304,wolte beliben vn#lde+ r#suo+wen,,,,,,,
305,,mit ſpile wolden r#suo+ben,,,,,,
306,untze ſie muter wr#lde+,vnz ſi m#suo+t#aer+ wurde,,,,,,
307,der g#?o+tlichen bûrde,d#aer+ gotlichen burde,,,,,,
308,vnd #sov+h mit eren mæhte ſin,v#and+ auch mit æren ſolde ſin,,,,,,
309,des himelriches tûrlin,des himilreiches turlin,,,,,,
310,daz den ubeln m#suo+z geſpart weſen,,,,,,,
311,den offen die da ſculen geneſen,,,,,,,
312,an der ſele uon rêinem m#suo+t,,,,,,,
313,die vin#lde+nt ſi gnadich vnde gut,,,,,,,
314,,v#and+ div wol gereiniget cham#aer+,,,,,,
315,,div ger#suo+che vnſ zeſamene ,,,,,,
316,,fur ir ſun #abri+ngen,,,,,,
317,,ſi ist all#aer+ æren gimme,,,,,,
318,Ioachim der gotes man,Joachym der gotes man,,,,,,
319,eren gnuch er gewan,,,,,,,
320,in ſiner chintheit,,,,,,,
321,leid er doh arbeit,,,,,,,
322,die wile er inivgent was,,,,,,,
323,gerner ſanch vnd las,,,,,,,
324,uon ſinem ſchephf#?ær^+e,,,,,,,
325,d#siv+ ſtarchen alten mære,,,,,,,
326,er #suo+bet sich harte in der ê,,,,,,,
327,mit uaſten tet er im wê,,,,,,,
328,ſin menniſlichen brode,,,,,,,
329,die #lde+wanger alſo ſchone,,,,,,,
330,,,,,,,,
331,in einer guten wiſe,,,,,,,
332,er teilet #sov+h ſin spiſe,,,,,,,
333,und alle ſin richeit endr#siv+,,,,,,,
334,ze himele blikter under d#siv+,,,,,,,
335,ein teil gab er den armen,,,,,,,
336,die liez er ſih erbarm#aen+,,,,,,,
337,bediv witewen v#and+ weiſen,,,,,,,
338,daz an#lde+r ze gotes huſen,,,,,,,
339,den ze rate v#and+ ze minne,,,,,,,
340,die got dien#f7v+ten dar inne,,,,,,,
341,,,,,,,,
342,ze dem almuſen was ime ger,,,,,,,
343,daz dritt#?ê+il behielt er,,,,,,,
344,ze ſin ſelbes tiſche,,,,,,,
345,vnt ſinem hiwiſche,,,,,,,
346,daz ſi der uon ſpise habeten,,,,,,,
347,die wile daz ſi lebeten,,,,,,,
348,die ſpende treib er elliu iare,,,,,,,
349,ſwaz er geredet daz was ware,,,,,,,
350,erne wolte niht liegen,,,,,,,
351,neheinen ſinen genoz betriegen,,,,,,,
352,ſin ſele luterot er damite,,,,,,,
353,uon ſo heiliclichem ſite,,,,,,,
354,gab im got ſinen ſegen,,,,,,,
355,himeltov und regen,,,,,,,
356,daz ez michel genuht gewan,,,,,,,
357,ſwaz er buwen began,,,,,,,
358,an ſwiv ſich der herre uerl#?î+e,,,,,,,
359,mit heil ez fur ſih g#?î+e,,,,,,,
360,ν#and+ ergab im ſælicliche,,,,,,,
361,er was alſo vihe riche,,,,,,,
362,,,,,,,,
363,daz er chume vant die weide,,,,,,,
364,andem velde ν#and+ an der heide,,,,,,,
365,,,,,,,,
366,,,,,,,,
367,dem chorter alſo grozen,,,,,,,
368,zu ime en maht ſih niemen genozeN,,,,,,,
369,,,,,,,,
370,,,,,,,,
371,Als er zweinzic iar alte wart,,,,,,,
372,unt im chume erſpranch #lde+r bart,,,,,,,
373,erne wolte ſih niht uerboſen,,,,,,,
374,mit deheiner getloſe,,,,,,,
375,er nam ein k#ain+t ze ſiner ê,,,,,,,
376,iane wane ich ſit noh #?e+,,,,,,,
377,chivſker brût ie wart geborn,,,,,,,
378,die gemahelen het er im erchorn,,,,,,,
379,uz dauidis geſlæhte,,,,,,,
380,dah er damit mæhte,,,,,,,
381,behalten ſele vn#lde+ lip,,,,,,,
382,alſo ſchône was daz wip,,,,,,,
383,,,,,,,,
384,daz ir alle die ſi anſahen,,,,,,,
385,der eren vnt der ſælden iahen,,,,,,,
386,v#and+ ſie #?ov+h minnen#lde+ waren,,,,,,,
387,uon ir tugentlichen gebæren,,,,,,,
388,ir liebe cherten ſie zu ir,,,,,,,
389,ane wentliche gire,,,,,,,
390,ſi hete reinez leben,,,,,,,
391,v#and+ begun#lde+ groz alm#suo+ſen geben,,,,,,,
392,vnd ir opfer vil gereite,,,,,,,
393,in ir ivgent ioh #lde+r chintheite,,,,,,,
394,mit vil fr#sov+derichen mut,,,,,,,
395,als der got meinet gerne tvt,,,,,,,
396,,,,,,,,
397,,,,,,,,
398,ſi chun#lde+ #f8v+ niht geraſten,,,,,,,
399,von wachen un#lde+ uon vaſten,,,,,,,
400,wan #lde+s pfleget ſie ane maze,,,,,,,
401,,,,,,,,
402,ir guten umbeſæzen,,,,,,,
403,die lobeten den got,,,,,,,
404,der himel vnt erde gebot,,,,,,,
405,vnd die mergriezen zelt,,,,,,,
406,daz er im die het erwelet,,,,,,,
407,ze ſine ſelbez eren,,,,,,,
408,vnt baten an ir gemeren,,,,,,,
409,,,,,,,,
410,,,,,,,,
411,ſin lop z#svo+ bezzerunge,,,,,,,
412,#lde+n alten v#and+ den iungen,,,,,,,
413,daz ſie bildes da bequæmen,,,,,,,
414,v#and+ die ſuzen lere næ#amen+,,,,,,,
